url	first_seen	portal	title	company	status
https://job-boards.greenhouse.io/project44/jobs/7757786	2026-04-07	project44 — websearch	Sr Analyst, Data Science	project44	added
https://job-boards.greenhouse.io/project44/jobs/7553734	2026-04-07	project44 — websearch	Supply Chain Data Analyst	project44	added
https://job-boards.greenhouse.io/project44opportunities/jobs/7700442	2026-04-07	project44 — websearch	Managed Services, Data Analyst	project44	added
https://job-boards.greenhouse.io/fourkites/jobs/6896212	2026-04-07	FourKites — websearch	Senior Business Intelligence Analyst	FourKites	added
https://job-boards.greenhouse.io/fourkites/jobs/7597775	2026-04-07	FourKites — websearch	Senior Analytics Engineer - AI	FourKites	added
https://job-boards.greenhouse.io/fourkites/jobs/6710350	2026-04-07	FourKites — websearch	Staff Data Scientist	FourKites	added
https://job-boards.greenhouse.io/fourkites/jobs/7089300	2026-04-07	FourKites — websearch	Principal Data Scientist	FourKites	skipped_title
https://job-boards.greenhouse.io/flexport/jobs/6602737	2026-04-07	Flexport — websearch	Supply Chain Optimization Analyst	Flexport	added
https://job-boards.greenhouse.io/flexport/jobs/7392508	2026-04-07	Flexport — websearch	Data Analytics Lead	Flexport	added
https://job-boards.greenhouse.io/flexport/jobs/6115075	2026-04-07	Flexport — websearch	Business Intelligence Analyst	Flexport	added
https://job-boards.greenhouse.io/flexport/jobs/6983084	2026-04-07	Flexport — websearch	Product Data Analyst II	Flexport	added
https://job-boards.greenhouse.io/flexport/jobs/5913931	2026-04-07	Flexport — websearch	Analytics Engineer II	Flexport	added
https://job-boards.greenhouse.io/flexport/jobs/7446808	2026-04-07	Flexport — websearch	Customs Partner Analyst	Flexport	skipped_title
https://careers.snowflake.com/us/en/job/SNCOUS0EE905A4B48147D6AA41364BF39DA77DEXTERNALENUS77757B5ECA1B4D7F87810D69FD87E252/Analytics-Engineer-Finance	2026-04-07	Snowflake — websearch	Analytics Engineer, Finance	Snowflake	added
https://careers.snowflake.com/us/en/job/SNCOUSF8879D817E4F46BFBB854B675139D416EXTERNALENUSF3B260A0088348E59F87DE6D675ED529/Senior-Analytics-Engineer-AI-Applications	2026-04-07	Snowflake — websearch	Senior Analytics Engineer - AI Applications	Snowflake	added
https://careers.snowflake.com/us/en/job/7097079002/Analytics-Engineer-Senior-Analytics-Engineer	2026-04-07	Snowflake — websearch	Analytics Engineer / Senior Analytics Engineer	Snowflake	skipped_title
https://job-boards.greenhouse.io/inspire11/jobs/7658481002	2026-04-07	Greenhouse — Data Analyst Chicago	Data Analyst	Inspire11	added
https://job-boards.greenhouse.io/beyondfinance/jobs/7252170	2026-04-07	Greenhouse — Data Analyst Chicago	Senior Data Analyst	Beyond Finance	added
https://job-boards.greenhouse.io/ninjatrader/jobs/4603854006	2026-04-07	Greenhouse — Data Analyst Chicago	Data Analyst	NinjaTrader	added
https://job-boards.greenhouse.io/8451/jobs/8476935002	2026-04-07	Greenhouse — Data Analyst Chicago	Senior Data Analyst	84.51°	added
https://job-boards.greenhouse.io/stratacareers/jobs/7568085003	2026-04-07	Greenhouse — Data Analyst Chicago	Data Analyst	Strata Decision	added
https://job-boards.greenhouse.io/adyen/jobs/7181026	2026-04-07	Greenhouse — Data Analyst Chicago	Optimization Data Analyst	Adyen	added
https://job-boards.greenhouse.io/grafanalabs/jobs/5850008004	2026-04-07	Greenhouse — Analytics Engineer	Senior Analytics Engineer	Grafana Labs	added
https://job-boards.greenhouse.io/mavenclinic/jobs/7630084002	2026-04-07	Greenhouse — Analytics Engineer	Senior Analytics Engineer	Maven Clinic	added
https://job-boards.greenhouse.io/mavenclinic/jobs/7804200002	2026-04-07	Greenhouse — Analytics Engineer	Lead Analytics Engineer	Maven Clinic	added
https://job-boards.greenhouse.io/engine/jobs/7643367003	2026-04-07	Greenhouse — Analytics Engineer	Staff Analytics Engineer	Engine	added
https://job-boards.greenhouse.io/faire/jobs/8470854002	2026-04-07	Greenhouse — Supply Chain Analyst	Lead Supply Chain Analyst	Faire	added
https://job-boards.greenhouse.io/shipbobinc/jobs/4634231005	2026-04-07	Greenhouse — Supply Chain Analyst	Supply Chain Data Analyst	ShipBob	added
https://job-boards.greenhouse.io/shipbobinc/jobs/4660109005	2026-04-07	Greenhouse — Supply Chain Analyst	Staff Supply Chain Data Analyst	ShipBob	added
https://job-boards.greenhouse.io/everagtester/jobs/5134872008	2026-04-07	Greenhouse — Supply Chain Analyst	Supply Chain Analyst	Ever.Ag	added
https://boards.greenhouse.io/weee/jobs/5959606003	2026-04-07	Greenhouse — Supply Chain Analyst	Supply Chain Analyst II	Weee!	added
https://job-boards.greenhouse.io/wolt/jobs/6864437	2026-04-07	Greenhouse — Supply Chain Analyst	Supply Chain Analyst	Wolt	added
https://job-boards.greenhouse.io/fictiv/jobs/8379862002	2026-04-07	Greenhouse — Supply Chain Analyst	Supply Chain Analyst	Fictiv	added
https://job-boards.greenhouse.io/weee/jobs/7218325003	2026-04-07	Greenhouse — Supply Chain Analyst	Senior Supply Chain Analyst, Network Planning and Optimization	Weee!	added
https://job-boards.greenhouse.io/opploans/jobs/7643812003	2026-04-07	Greenhouse — Business Intelligence	Senior Analyst, Business Intelligence	OppFi	added
https://job-boards.greenhouse.io/thesciongroupllc/jobs/8437716002	2026-04-07	Greenhouse — Business Intelligence	Business Intelligence Analyst	The Scion Group	added
https://boards.greenhouse.io/openly/jobs/4340737005	2026-04-07	Greenhouse — Business Intelligence	Senior Business Intelligence Analyst	Openly	added
https://boards.greenhouse.io/samsara/jobs/7587205	2026-04-07	Greenhouse — Operations Analyst	Sales Operations Analyst	Samsara	added
https://boards.greenhouse.io/samsara/jobs/7597161	2026-04-07	Greenhouse — Operations Analyst	Senior Sales Operations Analyst	Samsara	added
https://jobs.lever.co/Obie/d38c2e43-150a-4af1-95fd-3bc190df534a	2026-04-07	Lever — Data Analyst Chicago	Lead Data Analyst	Obie	added
https://jobs.lever.co/synapticure/aa57a67c-acfa-418e-b3c6-2ab84c68e743	2026-04-07	Lever — Data Analyst Chicago	Staff Data Analyst	SynaptiCure	added
https://jobs.lever.co/loadsmart/4ae481b6-41de-4924-b6e0-159575f9df2e	2026-04-07	Lever — Data Analyst Chicago	Senior Business Data Analyst, Brokerage	Loadsmart	added
https://jobs.lever.co/luxurypresence/5556e042-a64a-4cff-9261-b57c28f89260	2026-04-07	Lever — Analytics Engineer	Senior Analytics Engineer	Luxury Presence	added
https://jobs.lever.co/ro/d2a85e56-d74e-4a94-b01c-2e7cd31b5ffa	2026-04-07	Lever — Supply Chain Analyst	Sr. Supply Chain Analyst	Ro	added
https://jobs.lever.co/whoop/59f85239-2e66-499f-8631-d04ac94cb190	2026-04-07	Lever — Supply Chain Analyst	Senior Operations Analyst	Whoop	added
https://jobs.lever.co/ro/3fbfc044-52c9-4912-ab65-34823cd8ca6c	2026-04-07	Lever — Supply Chain Analyst	Operations Analyst	Ro	added
https://jobs.lever.co/zuru/f31c0625-ab4e-489b-9c3a-d2dafc19baa3	2026-04-07	Lever — Supply Chain Analyst	Supply Chain Analyst	ZURU	added
https://jobs.lever.co/pattern/73df3d4a-b641-40b2-ad0c-feb18f23f000	2026-04-07	Lever — Supply Chain Analyst	Operations Analyst	Pattern	added
https://jobs.lever.co/tramgroup/2823df4a-3f46-46d7-87a3-d89468fab6d9	2026-04-07	Lever — Supply Chain Analyst	Purchasing / Supply Chain Analyst	Tokai Rika	added
https://jobs.lever.co/talentwerx.io/3a173fa5-cdc1-49ac-8315-8da33e44a940	2026-04-07	Lever — Supply Chain Analyst	Supply Chain Analyst IV	EXPANSIA	added
https://jobs.ashbyhq.com/second-nature/f8c438dd-468a-4472-91f6-c8c9ca3ef768	2026-04-07	Ashby — Data & Analytics	Business Intelligence Analyst	Second Nature	added
https://jobs.ashbyhq.com/pearlhealth/4832509b-c607-4801-af71-5d361ed365fd	2026-04-07	Ashby — Data & Analytics	Senior Data Analyst, Analytics Engineering	Pearl Health	added
https://jobs.ashbyhq.com/jump-app/b34281e0-9db7-4a85-9618-98bc2a5509f5	2026-04-07	Ashby — Data & Analytics	Data Analyst	Jump	added
https://jobs.ashbyhq.com/baseten/6f6c9162-6754-44b3-bb7f-b1421ad0b610	2026-04-07	Ashby — Data & Analytics	Data Analyst	Baseten	added
https://jobs.ashbyhq.com/sentry/579c3a5d-f083-4fe7-9105-c9f730d29e5d	2026-04-07	Ashby — Data & Analytics	Senior Business Intelligence Analyst	Sentry	added
https://jobs.ashbyhq.com/yondr/c5106080-38ff-4ed1-af13-576f4fd8e612	2026-04-07	Ashby — Supply Chain	Supply Chain Analyst	Yondr	added
https://jobs.ashbyhq.com/away/d17fcd21-ff6a-41e8-8ab0-c1c24163ba62	2026-04-07	Ashby — Supply Chain	Supply Chain Systems Analyst	Away	added
https://jobs.ashbyhq.com/dandy/81776c85-6fc2-4859-bffc-c7b346dda821	2026-04-07	Ashby — Supply Chain	Senior Data Analyst I - Supply Chain Analytics	Dandy	added
https://jobs.ashbyhq.com/dandy/a6d7aea0-8ad8-4dd7-a634-a35649236ff2	2026-04-07	Ashby — Supply Chain	Data Analyst II, Supply Chain	Dandy	added
https://apply.workable.com/statara-solutions/j/7FDA71F1C6	2026-04-07	Workable — Analytics Roles	Data Analyst	Statara Solutions	added
https://apply.workable.com/ipullrank/j/42489EF91A	2026-04-07	Workable — Analytics Roles	Business Intelligence Analyst	iPullRank	added
https://apply.workable.com/constructor-1/j/84CF443B3D	2026-04-07	Workable — Analytics Roles	Data Analyst, Merchant Intelligence Team	Constructor	added
https://careers.kraftheinz.com/job/21802897/analyst-supply-chain-network-solutions-chicago-il/	2026-04-07	Kraft Heinz — websearch	Analyst, Supply Chain - Network Solutions	Kraft Heinz	added
https://careers.united.com/us/en/job/WHQ00023487/Senior-Analyst-Data-Analytics-Fuel-Supply	2026-04-07	United Airlines — websearch	Senior Analyst - Data Analytics (Fuel Supply)	United Airlines	added
https://careers.morningstar.com/us/en/job/REQ-054294/Business-Analyst-Individual-Investor	2026-04-07	Morningstar — websearch	Business Analyst, Individual Investor	Morningstar	added
https://job-boards.greenhouse.io/project44/jobs/6964269	2026-04-07	project44 — websearch	Manager, Carrier Engagement - LTL	project44	skipped_title
https://job-boards.greenhouse.io/project44/jobs/7179793	2026-04-07	project44 — websearch	Software Engineer - Backend	project44	skipped_title
https://job-boards.greenhouse.io/fourkites/jobs/6754489	2026-04-07	FourKites — websearch	AI Integration Engineer	FourKites	skipped_title
https://jobs.ashbyhq.com/openai/c18fbed8-1608-4077-9fda-d13d624c9577	2026-04-07	Ashby — Supply Chain	Director of Supply Chain Systems	OpenAI	skipped_title
https://job-boards.greenhouse.io/mavenclinic/jobs/8297806002	2026-04-10	Greenhouse — Data Analyst Chicago	Senior Data Analyst (Customer Analytics)	Maven Clinic	skipped_expired
https://job-boards.greenhouse.io/greenthumbindustries/jobs/3210285	2026-04-10	Greenhouse — Data Analyst Chicago	Data Analyst	Green Thumb	skipped_expired
https://job-boards.greenhouse.io/ninjatrader/jobs/4588777006	2026-04-10	Greenhouse — Data Analyst Chicago	Product Data Analyst	NinjaTrader	skipped_expired
https://job-boards.greenhouse.io/nutrafol/jobs/4667705005	2026-04-10	Greenhouse — Supply Chain Analyst	Supply Chain Analyst, D365 ERP (Contract)	Nutrafol	added
https://job-boards.greenhouse.io/infinitecommerce/jobs/4398195006	2026-04-10	Greenhouse — Supply Chain Analyst	Supply Chain Analyst	Infinite Commerce	skipped_expired
https://job-boards.greenhouse.io/andurilindustries/jobs/5045894007	2026-04-10	Greenhouse — Supply Chain Analyst	Supply Chain Engineer, Analytics	Anduril Industries	added
https://job-boards.greenhouse.io/merceradvisors/jobs/5046203008	2026-04-10	Greenhouse — Business Intelligence	Senior Business Intelligence Analyst	Mercer Advisors	added
https://job-boards.greenhouse.io/smarterdx/jobs/5056210007	2026-04-10	Greenhouse — Business Intelligence	Senior Reporting Analyst, Customer Success Operations	SmarterDx	skipped_expired
https://job-boards.greenhouse.io/pacaso/jobs/5774787004	2026-04-10	Greenhouse — Business Intelligence	Business Intelligence Analyst	Pacaso	skipped_expired
https://job-boards.greenhouse.io/kineticcommunities/jobs/4597438005	2026-04-10	Greenhouse — Business Intelligence	Business Intelligence Analyst	Kinetic Communities	skipped_expired
https://job-boards.greenhouse.io/axs/jobs/8437860002	2026-04-10	Greenhouse — Business Intelligence	Sr BI Analyst	AXS	added
https://job-boards.greenhouse.io/dv01/jobs/8497282002	2026-04-10	Greenhouse — Analytics Engineer	Data Analytics Engineer I	dv01	added
https://job-boards.greenhouse.io/keepersecurity/jobs/4113003009	2026-04-10	Greenhouse — Analytics Engineer	Data Engineer, Analytics & ML Enablement	Keeper Security	added
https://job-boards.greenhouse.io/remotecom/jobs/5757555003	2026-04-10	Greenhouse — Analytics Engineer	Senior Analytics Engineer	Remote.com	skipped_expired
https://job-boards.greenhouse.io/smarterdx/jobs/5065221007	2026-04-10	Greenhouse — Operations Analyst	Procurement & Vendor Operations Analyst	SmarterDx	skipped_expired
https://job-boards.greenhouse.io/dbtlabsinc/jobs/4666574005	2026-04-10	Greenhouse — Operations Analyst	Senior Sales Operations Analyst	dbt Labs	skipped_expired
https://job-boards.greenhouse.io/checkr/jobs/7435853	2026-04-10	Deloitte — websearch	Data Analyst, Supply Chain	Checkr	skipped_expired
https://job-boards.greenhouse.io/imbibeinc/jobs/4751171008	2026-04-10	Deloitte — websearch	Supply Chain Data Analyst	Imbibe	skipped_expired
https://jobs.lever.co/thebouqs.com/43b164d2-e7bf-4949-864f-3f60c38e0c48	2026-04-10	Lever — Data Analyst Chicago	Senior Data Analyst	The Bouqs Company	added
https://jobs.lever.co/disher/6042b396-22f5-4983-b0fc-3653da1bbc34	2026-04-10	Lever — Supply Chain Analyst	Sales Operations Analyst	DISHER	added
https://jobs.lever.co/opengov/173d6370-530b-425e-bd6d-00b5cc5b9cf6	2026-04-10	Lever — Operations Analyst	Procurement Operations Analyst	OpenGov	added
https://jobs.lever.co/Zeller/0838839d-00b6-442a-8aad-84a58f8420b2	2026-04-10	Lever — Operations Analyst	Operations Analyst	Zeller	added
https://jobs.lever.co/super-com/f303a862-5e3e-42b4-95e9-9c7c2a07d0c7	2026-04-10	Lever — Analytics Engineer	Senior Analytics Engineer	Super.com	added
https://jobs.lever.co/tala/a7877846-bd81-4da8-a304-3720312b1da8	2026-04-10	Lever — Analytics Engineer	Senior Analytics Engineer	Tala	added
https://jobs.lever.co/regrello/6aa22361-127c-4880-82bd-d817ee624cd0	2026-04-10	Lever — Supply Chain Analyst	Industrial Analyst - Supply Chain/Manufacturing	Regrello	added
https://jobs.lever.co/sundaysfordogs/0ff0844c-38ff-4268-88c0-2ec9a2037f5a	2026-04-10	Lever — Supply Chain Analyst	Sr. Data & Business Analyst - Supply Chain	Sundays for Dogs	added
https://jobs.lever.co/spreetail/a87de603-d182-4e12-9248-1ad0d0406021	2026-04-10	Lever — Supply Chain Analyst	Supply Chain Analyst - Data	Spreetail	added
https://jobs.lever.co/ffws/1f4cc1a0-d811-4fee-8236-9f28ccc1ef1c	2026-04-10	Lever — Supply Chain Analyst	Data Analyst Supply Chain and Operations	Foley Family Wines & Spirits	added
https://jobs.ashbyhq.com/swans/770ebec9-ade2-4b3f-bf69-09152646d40c	2026-04-10	Ashby — Data & Analytics	Business Intelligence Analyst	Swans	added
https://jobs.ashbyhq.com/ndeavour/fcb9e3d9-f031-4a2c-bc65-2e2ba399fbca	2026-04-10	Ashby — Data & Analytics	Senior Business Intelligence Analyst	NDEAVOUR Consulting	skipped_title
https://jobs.ashbyhq.com/sunnydata/56f4f9a0-717b-4f68-a4e6-6d3c7d50343d	2026-04-10	Ashby — Data & Analytics	Analytics (BI) Engineer	SunnyData	skipped_title
https://jobs.ashbyhq.com/apex-technology-inc/707deef1-a3a3-4b47-8931-49f7ff495a53	2026-04-10	Ashby — Supply Chain	Supply Chain Business Data Analyst	Apex Technology	skipped_title
https://jobs.ashbyhq.com/chainalysis-careers/85298d4c-1481-4c58-8031-1ba76776da0f	2026-04-10	Ashby — Data & Analytics	Senior Analytics Engineer	Chainalysis	added
https://jobs.ashbyhq.com/chainalysis-careers/2fc9966e-c459-4541-ab8f-9761041f28c8	2026-04-10	Ashby — Data & Analytics	Data Analytics Engineer	Chainalysis	added
https://jobs.ashbyhq.com/The%20Zebra/bdb61355-db92-4205-8da2-9c46745145cf	2026-04-10	Ashby — Data & Analytics	Senior Data Analytics Engineer	The Zebra	added
https://jobs.ashbyhq.com/ramp/9c8eb907-e0f3-4241-8e00-793b8a0acbf6	2026-04-10	Ashby — Data & Analytics	Senior Analytics Engineer	Ramp	added
https://jobs.ashbyhq.com/Lime/a567b56d-4e3c-432e-b9ad-38ee3546ef3c	2026-04-10	Ashby — Supply Chain	Supply Chain Analyst - Product Master Data Management	Lime	added
https://jobs.ashbyhq.com/Lime/a9eda592-e13b-4455-8a5e-e72724ff86f8	2026-04-10	Ashby — Supply Chain	Financial Analyst, Supply Chain	Lime	added
https://job-boards.greenhouse.io/catenaclearing/jobs/5075201007	2026-04-10	Greenhouse — Operations Analyst	Data & Insights Analyst	Catena Clearing	added
https://job-boards.greenhouse.io/globalhealthcareexchangeinc/jobs/4675115005	2026-04-10	Greenhouse — Data Analyst Chicago	Technical Data Analyst III	GHX	added
https://job-boards.greenhouse.io/fleetio/jobs/5054939007	2026-04-10	Greenhouse — Analytics Engineer	Senior Analytics Engineer	Fleetio	added
https://job-boards.greenhouse.io/lithic/jobs/5787434004	2026-04-10	Greenhouse — Data Analyst Chicago	Senior Data Analyst, Risk & Compliance	Lithic	added
https://job-boards.greenhouse.io/letsgetchecked/jobs/4805757101	2026-04-13	Greenhouse — Business Intelligence	Business Intelligence Analyst	LetsGetChecked	added
https://job-boards.greenhouse.io/xapo61/jobs/7677440003	2026-04-13	Greenhouse — Operations Analyst	Operations Analyst	Xapo Bank	added
https://job-boards.greenhouse.io/airtable/jobs/8434287002	2026-04-13	Greenhouse — Analytics Engineer	AI Analytics Engineer	Airtable	added
https://job-boards.greenhouse.io/6sense/jobs/7769448	2026-04-13	Greenhouse — Analytics Engineer	Sr. GTM Analytics Analyst	6sense	added
https://job-boards.greenhouse.io/vianttechnology/jobs/4204282009	2026-04-13	Greenhouse — Data Analyst Chicago	Sr. Data Analyst	Viant Technology	added
https://job-boards.greenhouse.io/weedmaps77/jobs/8413498002	2026-04-13	Greenhouse — Data Analyst Chicago	Staff Data Analyst (Remote)	Weedmaps	added
https://job-boards.greenhouse.io/dvtrading/jobs/4682331005	2026-04-13	Greenhouse — Operations Analyst	Fixed Income Operations Analyst	DV Trading	added
https://jobs.ashbyhq.com/truemed/31a9b2fd-cff8-44a9-adee-503fd103cc22	2026-04-13	Ashby — Data & Analytics	Data Analyst	Truemed	added
https://jobs.lever.co/myollie/16de9015-270c-4176-9636-aa9f232c9148	2026-04-13	Lever — Data Analyst Chicago	Data Analyst, Retention	Ollie	added
https://jobs.lever.co/arcadia/0b2c9908-a2f6-46a0-82ef-8c8275a08b3b	2026-04-13	Lever — Data Analyst Chicago	Senior Data Analyst	Arcadia	added
https://jobs.lever.co/thefreeosk/d62d5b06-209d-468b-8b53-696576879150	2026-04-13	Lever — Data Analyst Chicago	Data Insights Analyst	Freeosk	added
https://jobs.lever.co/outreach/b6d80618-0283-4695-be04-f327f95b1bb8	2026-04-13	Lever — Analytics Engineer	Senior Analytics Engineer	Outreach	added
https://jobs.lever.co/cority/97c7c8fc-76c3-4ac0-9d90-59dbc2f8ee0a	2026-04-13	Lever — Analytics Engineer	Sr Analytics Engineer	Cority	added
https://jobs.lever.co/greenlight/084768a3-1c27-4390-b94c-d987f636811a	2026-04-13	Lever — Data Analyst Chicago	Data Analyst	Greenlight Financial	added
https://jobs.lever.co/greenlight/beded9c4-6acf-4fcc-8aa9-8870555d2bfb	2026-04-13	Lever — Data Analyst Chicago	Associate Data Analyst	Greenlight Financial	added
https://jobs.lever.co/owner/da71fdd1-4893-47f5-9203-62bb576b2ac6	2026-04-13	Lever — Analytics Engineer	Analytics Engineer, GTM	Owner	added
https://jobs.lever.co/toptal/a52e8ebf-994b-4fdd-a494-331ccde19214	2026-04-13	Lever — Supply Chain Analyst	Business Analyst, Strategy & Analytics	Toptal	added
https://jobs.lever.co/metabase/5eca795c-48dd-496a-be23-2181068a5450	2026-04-13	Lever — Analytics Engineer	Analytics Engineer	Metabase	added
https://jobs.lever.co/palantir/46530906-4822-4cce-ab86-ef7014d8547f	2026-04-13	Lever — Supply Chain Analyst	Operations Analyst - US Government	Palantir	added
https://jobs.lever.co/cscgeneration-2/4d05a16b-d55f-439d-897f-56ccfe88640f	2026-04-13	Lever — Supply Chain Analyst	Business Operations Analyst	CSC Generation	added
https://jobs.lever.co/questanalytics/b587b82d-29b9-4466-944a-c2454e15543a	2026-04-13	Lever — Data Analyst Chicago	Data Analyst, Network Analytics	Quest Analytics	added
https://jobs.lever.co/transparentpartners/cf82fccb-d2da-47c4-8da5-09ecd5dcada0	2026-04-13	Lever — Data Analyst Chicago	Analyst / Senior Analyst, Data & Analytics	Transparent Partners	added
https://jobs.ashbyhq.com/atlan/a0a20ce7-26b1-4681-959e-0cc8446db790	2026-04-13	Ashby — Data & Analytics	Analytics Engineer	Atlan	added
https://jobs.ashbyhq.com/pylon-labs/5e408085-d4e0-4f05-8a93-010751a43dbf	2026-04-13	Ashby — Data & Analytics	Analytics Engineer	Pylon	added
https://jobs.ashbyhq.com/almedia/ae9db321-5165-4e8f-9635-dd37358470a4	2026-04-13	Ashby — Data & Analytics	Analytics Engineer	Almedia	added
https://jobs.ashbyhq.com/dandy/fbceef92-b7d7-4f1f-89b4-2731569108fe	2026-04-13	Ashby — Supply Chain	Data Analyst - Supply Chain	Dandy	added
https://jobs.ashbyhq.com/literati/2c3e149d-21a3-479b-a260-e14c7cf008aa	2026-04-13	Ashby — Data & Analytics	Business Intelligence (BI) / Data Engineer	Literati	added
https://apply.workable.com/mediavine/j/4BAEB3C046/	2026-04-13	Workable — Analytics Roles	Data Analyst	Mediavine	added
https://apply.workable.com/whizz/j/DF1C081BB4	2026-04-13	Workable — Analytics Roles	Data Analyst	WHIZZ	added
https://apply.workable.com/truedata/j/973BE33E2F/	2026-04-13	Workable — Analytics Roles	Data Analyst	TrueData Solutions	added
https://apply.workable.com/workmoney/j/9564F4C4AE/	2026-04-13	Workable — Analytics Roles	Data Analyst	WorkMoney	added
https://careers.united.com/us/en/job/WHQ00025883/Associate-Analyst-Tech-Ops-Data-Analytics	2026-04-13	United Airlines — websearch	Associate Analyst - Tech Ops Data Analytics	United Airlines	skipped_expired
https://careers.united.com/us/en/job/WHQ00026153/Analyst-Senior-Analyst-Network-Capacity-Forecasting-Analytics	2026-04-13	United Airlines — websearch	Analyst/Senior Analyst - Network Capacity Forecasting	United Airlines	skipped_expired
https://careers.united.com/us/en/job/WHQ00025905/Analyst-Customer-Insights-Analytics-Hybrid	2026-04-13	United Airlines — websearch	Analyst - Customer Insights & Analytics	United Airlines	skipped_expired
https://careers.united.com/us/en/job/WHQ00026028/Senior-Analyst-Tech-Ops-Data-Analytics	2026-04-13	United Airlines — websearch	Senior Analyst - Tech Ops Data Analytics	United Airlines	skipped_expired
https://careers.united.com/us/en/job/WHQ00025335/Data-Analytics-Manager	2026-04-13	United Airlines — websearch	Data Analytics Manager	United Airlines	skipped_expired
https://careers.kraftheinz.com/job/21870436/sr-analyst-digital-supply-chain/	2026-04-13	Kraft Heinz — websearch	Sr. Analyst, Digital Supply Chain	Kraft Heinz	skipped_expired
https://jobs.grainger.com/job/CHICAGO-Senior-Advanced-Analytics-Analyst-IL-60661-4555/1315270900/	2026-04-13	Grainger — websearch	Senior Advanced Analytics Analyst	Grainger	skipped_expired
https://jobs.grainger.com/job/LAKE-FOREST-Senior-Analyst,-Program-Analytics-IL-60045-5202/1362879200/	2026-04-13	Grainger — websearch	Senior Analyst, Program Analytics	Grainger	skipped_expired
https://job-boards.greenhouse.io/enova/jobs/3166845	2026-04-13	Enova — websearch	Analytics Analyst	Enova International	skipped_expired
https://job-boards.greenhouse.io/fictiv/jobs/8196995002	2026-04-13	Greenhouse — Supply Chain Analyst	Supply Chain Analyst - Swing Shift	Fictiv	skipped_expired
https://job-boards.greenhouse.io/starrez/jobs/5118067008	2026-04-13	Greenhouse — Business Intelligence	Senior Business Intelligence Analyst	StarRez	skipped_expired
https://job-boards.greenhouse.io/kc3/jobs/4597438005	2026-04-13	Greenhouse — Business Intelligence	Business Intelligence Analyst	Kinetic Communities (KC3)	skipped_expired
https://job-boards.greenhouse.io/praxisprecisionmedicines/jobs/5117537008	2026-04-13	Greenhouse — Analytics Engineer	Data & Analytics Engineer II	Praxis Precision Medicines	skipped_expired
https://job-boards.greenhouse.io/life360/jobs/8428869002	2026-04-13	Greenhouse — Analytics Engineer	Senior Analytics Engineer II	Life360	skipped_expired
https://boards.greenhouse.io/remotecom/jobs/5564850003	2026-04-13	Greenhouse — Analytics Engineer	Data Analyst	Remote.com	skipped_expired
https://job-boards.greenhouse.io/postscript/jobs/8083755002	2026-04-13	Greenhouse — Operations Analyst	Billing Operations Analyst	Postscript	skipped_expired
https://apply.workable.com/kaizenams/j/9571F17A37	2026-04-13	Workable — Analytics Roles	Data Analyst	Kaizen Asset Management	skipped_expired
https://job-boards.greenhouse.io/oura/jobs/4133938009	2026-04-13	Greenhouse — Operations Analyst	Business Systems Analyst, Supply Chain	Oura	skipped_expired
https://job-boards.greenhouse.io/smarterdx/jobs/5035350007	2026-04-13	Greenhouse — Analytics Engineer	Analytics Engineering Manager	SmarterDx	skipped_expired
https://job-boards.greenhouse.io/doublegood/jobs/5832697004	2026-04-13	Greenhouse — Data Analyst Chicago	Data Analyst Intern (Summer 2026)	Double Good	skipped_title
https://jobs.lever.co/articulate/8c7b81bc-30a8-4e8d-aa6f-30e8fc962793	2026-04-13	Lever — Data Analyst Chicago	Senior Product Analyst (AI Pillar)	Articulate	skipped_title
https://job-boards.greenhouse.io/harrisassociates/jobs/4661489006	2026-04-19	Blue Yonder — websearch	Data Analyst, Data Ops	Harris Associates	added
https://job-boards.greenhouse.io/khanacademy/jobs/7818434	2026-04-19	Databricks — websearch	Data Analyst I, Analytics Reporting	Khan Academy	added
https://job-boards.greenhouse.io/oddball/jobs/7686583003	2026-04-19	Databricks — websearch	Data Analyst	Oddball	added
https://job-boards.greenhouse.io/stockx/jobs/8485240002	2026-04-19	Databricks — websearch	Senior Data Engineer	StockX	added
https://job-boards.greenhouse.io/sigmoid/jobs/8452233002	2026-04-19	Deloitte — websearch	Business Analyst	Sigmoid	added
https://job-boards.greenhouse.io/blueroseresearch/jobs/4995908004	2026-04-19	Blue Yonder — websearch	Data Analyst - Research	Blue Rose Research	added
https://job-boards.greenhouse.io/horizonindustrieslimited/jobs/5160584008	2026-04-19	Databricks — websearch	Databricks Data Engineer	Horizon Industries	added
https://apply.workable.com/adf-medical-services-inc/j/FCA1421437/	2026-04-19	Workable — Analytics Roles	Data Analyst	ADF Medical Services	added
https://apply.workable.com/workmoney/j/1F1FCD4218/	2026-04-19	Workable — Analytics Roles	Data Analyst	WorkMoney	added
https://job-boards.greenhouse.io/ripplematchinterns/jobs/7935272002	2026-04-19	Greenhouse — Data Analyst Chicago	Data Analyst Intern	RippleMatch	skipped_title
https://job-boards.greenhouse.io/teads1/jobs/4795929101	2026-04-19	Databricks — websearch	Senior Backend Engineer / Data Engineer	Teads	skipped_title
https://job-boards.greenhouse.io/indiecampers-linkedin/jobs/8482183002	2026-04-19	Greenhouse — Operations Analyst	Operations Analyst - America	Indie Campers	skipped_title
https://job-boards.greenhouse.io/remotewoman/jobs/8431679002	2026-04-19	Greenhouse — Analytics Engineer	Analytics Engineer (EU only)	Upsun	skipped_title
https://jobs.ashbyhq.com/openai/986732f2-56a0-44ca-9030-a7cdeccf9454	2026-04-19	Ashby — Supply Chain	Operations Analyst EMEA	OpenAI	skipped_title
https://jobs.ashbyhq.com/crisp/87fa904c-60cb-485e-86d6-d4448bfd32dc	2026-04-19	Ashby — Supply Chain	Supply Chain Analyst internship	Crisp	skipped_title
https://job-boards.greenhouse.io/fourkites/jobs/7645606	2026-04-19	FourKites — websearch	Product Manager - Data & AI Platforms	FourKites	skipped_title
https://job-boards.greenhouse.io/fourkites/jobs/7724387	2026-04-19	FourKites — websearch	IT Support Analyst	FourKites	skipped_title
https://job-boards.greenhouse.io/project44/jobs/7071047	2026-04-19	project44 — websearch	Senior Financial Analyst	project44	skipped_title
https://job-boards.greenhouse.io/doordashusa/jobs/7776087	2026-04-19	Greenhouse — Operations Analyst	Associate Dasher & Logistics Operations Strategy	DoorDash	skipped_title
https://apply.workable.com/multiverse/j/AC9FB7E3DA/	2026-04-19	Workable — Analytics Roles	Data Analytics Instructor	Multiverse	skipped_title
https://job-boards.greenhouse.io/ninjatrader/jobs/4617987006	2026-04-19	Greenhouse — Analytics Engineer	Sr. Data Engineer	NinjaTrader	skipped_expired
https://job-boards.greenhouse.io/hightouch/jobs/5729074004	2026-04-19	Greenhouse — Analytics Engineer	Analytics Engineer	Hightouch	skipped_expired
https://job-boards.greenhouse.io/xapo61/jobs/7616977003	2026-04-19	Greenhouse — Business Intelligence	Data Analyst	Xapo Bank	skipped_expired
https://job-boards.greenhouse.io/lastpass/jobs/4594738005	2026-04-19	Greenhouse — Business Intelligence	Customer Experience Business Intelligence Analyst	LastPass	skipped_expired
https://boards.greenhouse.io/loop/jobs/4866517004	2026-04-19	Greenhouse — Operations Analyst	Business Analyst	Loop	skipped_expired
https://job-boards.greenhouse.io/growtherapy/jobs/4653764005	2026-04-19	Blue Yonder — websearch	Business Data Analyst	Grow Therapy	skipped_expired
https://job-boards.greenhouse.io/icapitalnetwork/jobs/8435241002	2026-04-19	Databricks — websearch	Data Analytics Engineer	iCapital	skipped_expired
https://job-boards.greenhouse.io/veeamsoftware/jobs/4841342101	2026-04-19	Databricks — websearch	Senior Data Analyst	Veeam Software	skipped_expired
https://job-boards.greenhouse.io/kellerpostman/jobs/4941661007	2026-04-19	Greenhouse — Analytics Engineer	Data Engineer	Keller Postman	skipped_expired
https://job-boards.greenhouse.io/capitaltg/jobs/4956466007	2026-04-19	Databricks — websearch	Data Engineer	Capital Technology Group	skipped_expired
https://jobs.lever.co/allegiantair/c16b98db-f10a-4893-9c8d-b3e5e9802033	2026-04-19	Deloitte — websearch	Procurement Data Analyst	Allegiant Air	skipped_expired
https://jobs.lever.co/jobgether/e1cdaba6-537b-48f7-8c6a-960b1deeb529	2026-04-19	Lever — Data Analyst Chicago	Entry Level Data Analyst	Jobgether	skipped_expired
https://jobs.lever.co/loadsmart/fa924fde-544c-47e4-a8a6-1545526bc9a1	2026-04-19	Lever — Analytics Engineer	Senior Analytics Engineer (Brazil)	Loadsmart	skipped_expired
https://jobs.lever.co/loadsmart/e1bff569-df35-43b6-b149-04fc2c314dc3	2026-04-19	Lever — Analytics Engineer	Senior Analytics Engineer (Brazil) v2	Loadsmart	skipped_expired
https://jobs.lever.co/veeva/dc0b5a84-05ac-4ff4-941b-01cef16048f2	2026-04-19	Lever — Analytics Engineer	Analytics Engineer - OpenData EMEA	Veeva Systems	skipped_expired
https://jobs.lever.co/jobgether/f5f6de77-5b7f-449a-936c-446ba95ccf94	2026-04-19	Lever — Analytics Engineer	Sr. Analytics Engineer	Jobgether	skipped_expired
https://jobs.ashbyhq.com/sauron/b1626a78-4a62-4ca0-9c76-d8184b90953e	2026-04-19	Ashby — Supply Chain	Business Operations Analyst	Sauron	skipped_expired
https://apply.workable.com/jobgether/j/A0476A48CD	2026-04-19	Workable — Analytics Roles	Data Analyst	Jobgether	skipped_expired
https://careers.snowflake.com/us/en/job/SNCOUS083FC7022B8C456EB96F0A867DAED36FEXTERNALENUS0C86FCD0913249979A80100CA95EF1D7/Internal-Audit-Data-Analyst	2026-04-19	Snowflake — websearch	Internal Audit Data Analyst	Snowflake	skipped_expired
https://careers.snowflake.com/us/en/job/SNCOUS8168058BD09B49F29116CA6523D35C4EEXTERNALENUS8D0A1BACBEF5438481D6136479DEEC39/Senior-Analyst-GTM-Analytics	2026-04-19	Snowflake — websearch	Senior Analyst GTM Analytics	Snowflake	skipped_expired
https://careers.snowflake.com/us/en/job/SNCOUS962F41FB4AE549C3A12987442BDD4F34EXTERNALENUS1F0AE148F5EC43B5909239E0CCA9DF71/Data-Analyst-Accounting	2026-04-19	Snowflake — websearch	Data Analyst / BI Engineer	Snowflake	skipped_expired
https://jobs.grainger.com/job/CHICAGO-Senior-Supply-Chain-Optimization-Engineer-IL-60661-4555/1315270900/	2026-04-19	Grainger — websearch	Senior Supply Chain Optimization Engineer	Grainger	skipped_expired
https://job-boards.greenhouse.io/aloyoga/jobs/5791402004	2026-04-19	Blue Yonder — websearch	International Transformation Analyst	ALO Yoga	skipped_expired
https://jobs.lever.co/qvest.us/134a7c5f-23d5-413c-ba43-08fc6ee7f89a	2026-04-19	Deloitte — websearch	Senior Consultant - Digital Supply Chain	Qvest US	skipped_expired
https://jobs.lever.co/qvest.us/5a1a8b38-f435-4c3c-9fa6-ce5fee76eb13	2026-04-19	Deloitte — websearch	Manager - Data & Analytics	Qvest US	skipped_expired
https://jobs.lever.co/qvest.us/24364d00-bfa4-4726-bc64-a6a93031d8bf	2026-04-19	Deloitte — websearch	Practice Lead Data & Analytics	Qvest US	skipped_expired
https://job-boards.greenhouse.io/grafanalabs/jobs/5850010004	2026-04-19	Greenhouse — Analytics Engineer	Senior Analytics Engineer (Canada)	Grafana Labs	skipped_expired
https://job-boards.greenhouse.io/shopfully/jobs/7535197	2026-04-19	Databricks — websearch	Senior Data Analytics Engineer	Shopfully	skipped_expired
https://job-boards.greenhouse.io/archer56/jobs/7711258003	2026-04-25	Greenhouse — Supply Chain Analyst	Supply Chain Cost Analyst	Archer	added
https://job-boards.greenhouse.io/connectionshealthsolutions/jobs/4232437009	2026-04-25	Greenhouse — Business Intelligence	Senior Business Intelligence Developer	Connections Health Solutions	added
https://job-boards.greenhouse.io/andurilindustries/jobs/5115119007	2026-04-25	Greenhouse — Operations Analyst	Operations Analyst - OT Hardware	Anduril Industries	added
https://job-boards.greenhouse.io/project44/jobs/7800834	2026-04-25	project44 — websearch	Business Analyst - UKG	project44	added
https://job-boards.greenhouse.io/enova/jobs/7728120	2026-04-25	Enova — websearch	Website Analytics Specialist	Enova International	added
https://job-boards.greenhouse.io/enova/jobs/7368745	2026-04-25	Enova — websearch	Data Engineer	Enova International	added
https://job-boards.greenhouse.io/enova/jobs/5798243	2026-04-25	Enova — websearch	Analytics Analyst - Pricing & Profitability	Enova International	added
https://job-boards.greenhouse.io/databricks/jobs/8421611002	2026-04-25	Databricks — websearch	Senior Business Analyst	Databricks	added
https://job-boards.greenhouse.io/checkr/jobs/7650448	2026-04-25	Databricks — websearch	Senior Data Engineer	Checkr	added
https://boards.greenhouse.io/attain/jobs/5025225004	2026-04-25	Greenhouse — Data Analyst Chicago	Data Analyst, Ads Measurement and Insights	Attain	added
https://job-boards.greenhouse.io/upwork/jobs/7620323003	2026-04-25	Greenhouse — Data Analyst Chicago	Lead Data Analyst, Marketing Analytics	Upwork	added
https://job-boards.greenhouse.io/recharge/jobs/8490399002	2026-04-25	Greenhouse — Data Analyst Chicago	Senior Data Analyst, GTM Analytics	Recharge	added
https://job-boards.greenhouse.io/thenewyorktimes/jobs/4615564005	2026-04-25	Greenhouse — Analytics Engineer	Analyst, Data & Insights, Storytelling Analytics	New York Times	added
https://job-boards.greenhouse.io/nift/jobs/4991268007	2026-04-25	Greenhouse — Business Intelligence	Senior Data Analytics / Business Analyst	Nift	added
https://job-boards.greenhouse.io/calendly/jobs/8414932002	2026-04-25	Greenhouse — Data Analyst Chicago	Senior Data Analyst, Product	Calendly	added
https://jobs.lever.co/gohighlevel/f7bf0739-1d81-4a58-9fb4-9724cd0d4769	2026-04-25	Lever — Analytics Engineer	Senior Analytics Engineer - Product & Customer Analytics	HighLevel	added
https://jobs.lever.co/tala/8bf8cbbd-e435-40a0-ac3b-f19ecfb171d7	2026-04-25	Lever — Analytics Engineer	Analytics Engineer II	Tala	added
https://jobs.lever.co/airalo/7f8d89ed-7013-4511-a31d-aded6b80fc6f	2026-04-25	Lever — Analytics Engineer	Senior Analytics Engineer, Pricing	Airalo	added
https://jobs.lever.co/airalo/987a8199-5ab9-43f9-9667-9b779df29963	2026-04-25	Lever — Analytics Engineer	Senior Analytics Engineer	Airalo	added
https://jobs.lever.co/GurobiOptimization/3c6cac21-dd4d-440b-8b92-089d304a95b2	2026-04-25	Lever — Analytics Engineer	Senior Data & Analytics Engineer	Gurobi Optimization	added
https://jobs.lever.co/brillio-2/9260e921-a1f6-43e7-8e43-2d692325ae94	2026-04-25	Lever — Analytics Engineer	CX Senior Analytics Engineer	Brillio	added
https://jobs.lever.co/vida/93d4286a-10b2-402e-adb4-e6a4810db927	2026-04-25	Lever — Data Analyst Chicago	Data Analyst - Business Intelligence/Healthcare Analytics	Vida Health	added
https://jobs.lever.co/BestEgg/ad1daacc-d390-405a-bd1c-16b02a78e7e4	2026-04-25	Lever — Data Analyst Chicago	Web Analyst - Web Data and Analytics	Best Egg	added
https://jobs.ashbyhq.com/alchemy/cdb0fb07-d52a-42d8-b4e6-d037c2afeb10	2026-04-25	Ashby — Data & Analytics	Data Analytics Engineer	Alchemy	added
https://careers.united.com/us/en/job/WHQ00021214/Senior-Analyst-Supply-Chain-Process-and-Standards	2026-04-25	United Airlines — websearch	Senior Analyst - Supply Chain Process and Standards	United Airlines	added
https://careers.united.com/us/en/job/WHQ00024753/Senior-Analyst-Strategic-Sourcing-Analytics	2026-04-25	United Airlines — websearch	Senior Analyst - Strategic Sourcing Analytics	United Airlines	added
https://careers.united.com/us/en/job/UAIUADUSWHQ00025165EXTERNALENUSTALEO/Senior-Business-Analyst-Data	2026-04-25	United Airlines — websearch	Senior Business Analyst - Data	United Airlines	added
https://careers.united.com/job/15548282/senior-analyst-advanced-data-analytics-chicago/	2026-04-25	United Airlines — websearch	Senior Analyst - Advanced Data Analytics	United Airlines	added
https://careers.morningstar.com/us/en/job/REQ-053519/Senior-Quantitative-Analyst	2026-04-25	Morningstar — websearch	Senior Quantitative Analyst	Morningstar	added
https://jobs.grainger.com/job/LOUISVILLE-Analyst,-Supply-Chain-Rotational-Development-Program-Louisville,-KY-KY-40219/1315928100/	2026-04-25	Grainger — websearch	Analyst, Supply Chain Rotational Development Program	Grainger	added
https://jobs.grainger.com/job/MIRA-LOMA-Analyst,-Supply-Chain-Rotational-Development-Program-Mira-Loma,-CA-CA-91752-1018/1316129000/	2026-04-25	Grainger — websearch	Analyst, Supply Chain Rotational Development Program	Grainger	added
https://jobs.grainger.com/job/BORDENTOWN-Analyst,-Supply-Chain-Rotational-Development-Program-Bordentown,-NJ-NJ-08505-4750/1316125300/	2026-04-25	Grainger — websearch	Analyst, Supply Chain Rotational Development Program	Grainger	added
https://careers.snowflake.com/us/en/job/SNCOUS3EDF40BDAEF3423D9AEABDE327A31C40EXTERNALENUSC02BAB9F5D7F48089DCEC118EFC347AC/Senior-Data-Analytics-Engineer	2026-04-25	Snowflake — websearch	Senior Data Analytics Engineer	Snowflake	added
https://job-boards.greenhouse.io/unybrands/jobs/5977562004	2026-04-25	Greenhouse — Supply Chain Analyst	Supply Chain Analyst	unybrands	skipped_title
https://job-boards.greenhouse.io/gitlab/jobs/8478359002	2026-04-25	Greenhouse — Data Analyst Chicago	Senior Data Analyst, Enterprise Analytics	GitLab	skipped_title
https://jobs.lever.co/jobgether/2decabee-b012-44bd-9911-d874373bfbcf	2026-04-25	Lever — Analytics Engineer	Senior Analytics Engineer	Jobgether	skipped_title
https://jobs.lever.co/jobandtalent/fe817188-f051-4bcf-9adf-3171ed261bd3	2026-04-25	Lever — Analytics Engineer	Senior Analytics Engineer - EMEA Remote	Job&Talent	skipped_title
https://jobs.lever.co/enable/ddf63835-57e0-41ba-9eda-588a7febb7f4	2026-04-25	Lever — Supply Chain Analyst	Associate Operations Analyst	Enable	skipped_expired
https://jobs.lever.co/commonlit/5dea9f0f-0684-459b-8550-ac1a78abd597	2026-04-25	Lever — Data Analyst Chicago	Data Analyst	CommonLit	skipped_expired
https://careers.morningstar.com/us/en/job/REQ-049972/Lead-Data-Analyst	2026-04-25	Morningstar — websearch	Lead Data Analyst	Morningstar	skipped_expired
https://jobs.grainger.com/job/LAKE-FOREST-Sr_-Advanced-Analytics-Analyst-IL-60045-5202/1337421500/	2026-04-25	Grainger — websearch	Sr. Advanced Analytics Analyst	Grainger	skipped_expired
https://job-boards.greenhouse.io/keepersecurity/jobs/4135315009	2026-04-25	Greenhouse — Business Intelligence	QA Analyst, BI	Keeper Security	skipped_title
https://careers.morningstar.com/us/en/job/REQ-052819/Investment-Data-Research-Analyst	2026-04-25	Morningstar — websearch	Investment Data Research Analyst	Morningstar	skipped_title
https://careers.morningstar.com/us/en/job/REQ-052782/Senior-Analyst	2026-04-25	Morningstar — websearch	Senior Analyst	Morningstar	skipped_title
https://careers.morningstar.com/us/en/job/REQ-054373/Associate-Manager-Research-Analyst	2026-04-25	Morningstar — websearch	Associate Manager Research Analyst	Morningstar	skipped_title
https://job-boards.greenhouse.io/atlassand/jobs/8511753002	2026-04-28	Greenhouse — Supply Chain Analyst	Supply Chain Analyst	Atlas Energy Solutions	added
https://job-boards.greenhouse.io/smarterdx/jobs/5120281007	2026-04-28	Greenhouse — Business Intelligence	Senior Business Analyst	SmarterDx	added
https://job-boards.greenhouse.io/blueroseresearch/jobs/5815559004	2026-04-28	Blue Yonder — websearch	Analytics Manager - Research & Client Strategy	Blue Rose Research	added
https://job-boards.greenhouse.io/sportygroup/jobs/4726334101	2026-04-28	Greenhouse — Data Analyst Chicago	Data Analyst	Sporty Group	added
https://job-boards.greenhouse.io/gallup/jobs/4217886009	2026-04-28	Greenhouse — Data Analyst Chicago	Data Analyst	Gallup	added
https://job-boards.greenhouse.io/doximity/jobs/7787454	2026-04-28	Greenhouse — Data Analyst Chicago	Data Analyst, Business Intelligence	Doximity	added
https://job-boards.greenhouse.io/xai/jobs/5112514007	2026-04-28	Greenhouse — Data Analyst Chicago	Data Analyst - Physical Infrastructure	xAI	added
https://job-boards.greenhouse.io/datakindinc/jobs/7690497003	2026-04-28	Greenhouse — Analytics Engineer	Data Engineer (Remote-US)	DataKind	added
https://job-boards.greenhouse.io/vegaamericas/jobs/4674700006	2026-04-28	Accenture — websearch	Data Analyst	VEGA Americas	added
https://jobs.ashbyhq.com/forward%20financing/41cbef16-da4c-42f6-9a7c-b36ea9fa2a9c	2026-04-28	Ashby — Data & Analytics	Manager, Business Intelligence	Forward Financing	added
https://job-boards.greenhouse.io/databricks/jobs/8337745002	2026-04-28	Databricks — websearch	(listing page)	Databricks	skipped_expired
https://apply.workable.com/oura-health-ltd/j/F8CD7AC30B/	2026-04-28	Workable — Analytics Roles	Senior Business Intelligence Analyst	Oura	skipped_expired
https://jobs.grainger.com/job/LAKE-FOREST-Senior-Supply-Chain-Analyst-(Distribution-Center-Engineering-Design-&-Optimization)-IL-60045-5202/1225516500/	2026-04-28	Grainger — websearch	Senior Supply Chain Analyst (DC Engineering Design & Optimization)	Grainger	skipped_expired
https://careers.snowflake.com/us/en/job/SNCOUS9541E528C3994B3296AC76948E618F99EXTERNALENUS5F935EC058424C35BD13B38143551723/Analyst-Senior-Analyst-People-Analytics	2026-04-28	Snowflake — websearch	Analyst/Senior Analyst, People Analytics	Snowflake	skipped_expired
https://job-boards.greenhouse.io/quanata/jobs/5706290004	2026-04-28	Tempus — websearch	Data Analyst	Quanata	skipped_expired
https://job-boards.greenhouse.io/quanata/jobs/5577629004	2026-04-28	Tempus — websearch	Senior Data Analyst	Quanata	skipped_expired
https://job-boards.greenhouse.io/calendly/jobs/8237720002	2026-04-28	Greenhouse — Data Analyst Chicago	Senior Data Analyst, Reporting	Calendly	skipped_expired
https://job-boards.greenhouse.io/komodohealth/jobs/8095516002	2026-04-28	Tempus — websearch	Data Analyst, Analytics	Komodo Health	skipped_expired
https://jobs.lever.co/theathletic/675caa5c-e54d-4078-8d64-cddce2081b14	2026-04-28	Lever — Data Analyst Chicago	Senior Analyst, Enterprise Analytics	The Athletic	skipped_expired
https://job-boards.greenhouse.io/future/jobs/4683274005	2026-04-28	Greenhouse — Data Analyst Chicago	Senior/Staff Data Analyst	Future	skipped_expired
https://job-boards.greenhouse.io/goodwaygroup/jobs/5819360004	2026-04-28	Greenhouse — Data Analyst Chicago	Global Data Analyst	Goodway Group	skipped_expired
https://jobs.lever.co/silo/d3568322-1a83-4f5c-8272-b5f275c09e3e	2026-04-28	Lever — Data Analyst Chicago	Data Analyst	Silo	skipped_expired
https://jobs.lever.co/spreetail/5cdb298f-02e8-4955-84d4-f78c2df5f7b1	2026-04-28	Lever — Supply Chain Analyst	Senior Data Analyst - Supply Chain	Spreetail	skipped_expired
https://jobs.lever.co/coderio/198bbb98-867a-439b-a58a-afa2ec4b7c74	2026-04-28	Lever — Analytics Engineer	Senior Analytics Data Engineer	Coderio	skipped_expired
https://jobs.lever.co/fullscript/c87ab1ad-c860-418e-bce1-47ffeeb47d68	2026-04-28	Lever — Analytics Engineer	Senior Analytics Engineer (Operations & Distribution)	Fullscript	skipped_expired
https://jobs.lever.co/jobgether/10cb6da9-3eb1-477e-90f8-e6c1b8f2e9ce	2026-04-28	Lever — Data Analyst Chicago	Data Analyst (Remote)	Jobgether	skipped_expired
https://job-boards.greenhouse.io/project44/jobs/7646443	2026-04-28	project44 — websearch	Software Engineer	project44	skipped_title
https://job-boards.greenhouse.io/project44opportunities/jobs/7260163	2026-04-28	project44 — websearch	Web Developer/Digital Marketing Specialist	project44	skipped_title
https://job-boards.greenhouse.io/project44opportunities/jobs/7379604	2026-04-28	project44 — websearch	Senior QA Engineer	project44	skipped_title
https://job-boards.greenhouse.io/project44/jobs/7260475	2026-04-28	project44 — websearch	Digital Marketing Specialist	project44	skipped_title
https://job-boards.greenhouse.io/fourkites/jobs/6945783	2026-04-28	FourKites — websearch	Staff Software Engineer (Fullstack)	FourKites	skipped_title
https://job-boards.greenhouse.io/fourkites/jobs/7009722	2026-04-28	FourKites — websearch	Senior Product Manager	FourKites	skipped_title
https://job-boards.greenhouse.io/fourkites/jobs/6870110	2026-04-28	FourKites — websearch	Senior ML Engineer (India)	FourKites	skipped_title
https://job-boards.greenhouse.io/fourkites/jobs/7839096	2026-04-28	FourKites — websearch	Implementation Consultant	FourKites	skipped_title
https://job-boards.greenhouse.io/flexport/jobs/7450557	2026-04-28	Flexport — websearch	Global Operations Specialist	Flexport	skipped_title
https://job-boards.greenhouse.io/flexport/jobs/7109072	2026-04-28	Flexport — websearch	Demand Planner	Flexport	skipped_title
https://job-boards.greenhouse.io/dbtlabsinc/jobs/4610615005	2026-04-28	Greenhouse — Analytics Engineer	Senior Software Engineer II	dbt Labs	skipped_title
https://jobs.lever.co/bluewheelmedia/3c54dda1-dfa5-4a46-b5ad-9ff7eb83edd1	2026-04-28	Blue Yonder — websearch	Director of Data & Analytics	Blue Wheel Media	skipped_title
https://jobs.ashbyhq.com/raft/72fc3305-9aa5-4609-b4e1-306835f547a6	2026-04-28	Ashby — Supply Chain	Demand Generation Director, Logistics & Supply Chain AI	Raft	skipped_title
https://job-boards.greenhouse.io/accenturefederalservices/jobs/4599650006	2026-04-28	Accenture — websearch	Data and AI Analyst	Accenture Federal Services	skipped_title
https://job-boards.greenhouse.io/accenturefederalservices/jobs/4617714006	2026-04-28	Accenture — websearch	Data and AI Analyst	Accenture Federal Services	skipped_title
https://jobs.lever.co/jobgether/6c74b24d-e182-450e-9566-be70744f9fd5	2026-04-28	Lever — Supply Chain Analyst	Remote Master Data Management Analyst	Jobgether	skipped_title
https://boards.greenhouse.io/samsara/jobs/7819567	2026-04-28	Greenhouse — Operations Analyst	Financial Analyst	Samsara	skipped_title
https://jobs.lever.co/imo-online/7975bc80-37a7-4e51-800d-590d295ba667	2026-04-28	Lever — Analytics Engineer	Senior AI Engineer - Clinical AI	IMO Health	skipped_title
https://jobs.lever.co/InfrastructureandCapitalProjects/83968f7e-bf1e-40d8-ad9e-54be05dc0b92	2026-04-28	Accenture — websearch	Infrastructure & Capital Projects Database Analyst	Accenture	skipped_title
https://job-boards.greenhouse.io/upstart/jobs/7778782	2026-05-01	Greenhouse — Data Analyst Chicago	Staff Data Analyst, Servicing	Upstart	added
https://jobs.havi.com/job/Chicago-Data-Analyst-IL-60290/1349888055/	2026-05-01	HAVI — websearch	Data Analyst	HAVI	added
https://www.google.com/about/careers/applications/jobs/results/142229588938760902-bi-analyst/	2026-05-01	Indeed — Chicago	BI Analyst, Finance, Finance Data and Analytics	Google	added
https://jobs.lever.co/sonatype/86fbcaa1-c506-4286-a42d-ab219744343e	2026-05-01	Lever — Data Analyst 2026	Senior Data Analyst	Sonatype	added
https://jobs.lever.co/whoop/c0237666-dcf7-469a-9f35-544a8922b9e7	2026-05-01	Lever — 2026	Business Analyst II (Global Operations)	Whoop	added
https://jobs.lever.co/talentwerx.io/df126fd1-0a4d-488e-b1d1-273bae2264d0	2026-05-01	Lever — 2026	Business Intelligence Analyst (Manufacturing) III	EXPANSIA	added
https://jobs.lever.co/PhoenixTailings/8a231840-3714-4ffa-b523-b07c93282d03	2026-05-01	Lever — 2026	Data Analyst – Leadership Development Program	Phoenix Tailings	added
https://jobs.lever.co/steerbridge/591fc6b2-bafa-41c7-8143-3cda18e78fd8	2026-05-01	Lever — 2026	Data Analyst	SteerBridge	added
https://job-boards.greenhouse.io/furtherearlycareer/jobs/8384017002	2026-05-01	Greenhouse — Data Analyst 2026	Graduate Leadership Program | Data Analyst	Further	added
https://careers.snowflake.com/us/en/job/SNCOUS2C8151D5AD6F4F57ADEA854FEE50AEAAEXTERNALENUS1E01065915514C45A9ED09A1BBA10F81/Staff-Analyst-GTM-Analytics	2026-05-01	Snowflake — websearch	Staff Analyst, GTM Analytics	Snowflake	skipped_expired
https://careers.snowflake.com/us/en/job/SNCOUS551A4B485E884EB3B26B8D98E4F2C9ADEXTERNALENUSB241904D7D4241F0967482E53D964846/Analyst-Finance-Analytics-AI	2026-05-01	Snowflake — websearch	Analyst, Finance Analytics & AI	Snowflake	skipped_expired
https://job-boards.greenhouse.io/databricks/jobs/7792338002	2026-05-01	Databricks — websearch	(expired listing)	Databricks	skipped_expired
https://careers.united.com/us/en/job/WHQ00025814/Senior-Analyst-Procurement-Analytics-HYBRID	2026-05-01	United Airlines — websearch	Senior Analyst - Procurement Analytics	United Airlines	skipped_expired
https://careers.morningstar.com/us/en/job/REQ-056451/Senior-Analyst-Structured-Finance-Analytics-Solutions-Team	2026-05-01	Morningstar — websearch	Senior Analyst, Structured Finance Analytics	Morningstar	skipped_expired
https://careers.kraftheinz.com/job/22366274/sr-analyst-people-analytics-chicago-il/	2026-05-01	Kraft Heinz — websearch	Sr. Analyst, People Analytics	Kraft Heinz	skipped_expired
https://job-boards.greenhouse.io/chowbus/jobs/7485186003	2026-05-01	Greenhouse — Business Intelligence 2026	BI Analyst_Remote	Chowbus	skipped_expired
https://job-boards.greenhouse.io/remotecom/jobs/7674093003	2026-05-01	Greenhouse — Business Intelligence 2026	Senior Treasury Business Intelligence Analyst	Remote.com	skipped_expired
https://job-boards.greenhouse.io/goguardian/jobs/4604965006	2026-05-01	Greenhouse — Business Intelligence 2026	Business Intelligence Analyst II	GoGuardian	skipped_expired
https://job-boards.greenhouse.io/machinifyinc/jobs/4147205009	2026-05-01	Greenhouse — Business Intelligence 2026	Senior Business Insights Analyst	Machinify	skipped_expired
https://job-boards.greenhouse.io/buyersedgeplatformrecruiting/jobs/4689344005	2026-05-01	Greenhouse — Data Analyst 2026	Data Analyst II	Buyers Edge Platform	skipped_expired
https://job-boards.greenhouse.io/shopltk/jobs/7631920003	2026-05-01	Greenhouse — Data Analyst 2026	Data Analyst	LTK USA	skipped_expired
https://job-boards.greenhouse.io/gitlab/jobs/8455464002	2026-05-01	Greenhouse — Data Analyst 2026	Data Analyst, Product	GitLab	skipped_expired
https://jobs.lever.co/theinformationlab/eaa64bb6-30b9-44bf-a490-3a2ea9754c13	2026-05-01	Lever — Blue Yonder websearch	Data Analyst Consultant	The Information Lab	skipped_expired
https://job-boards.greenhouse.io/yipitdata/jobs/6855694	2026-05-01	Greenhouse — Data Analyst 2026	Data Operations Analyst	YipitData	skipped_title
https://job-boards.greenhouse.io/bswiftindia/jobs/4664160006	2026-05-01	Greenhouse — Business Intelligence 2026	Reporting Analyst / Business Strategy Analyst	bswift India	skipped_title
https://jobs.lever.co/eventbrite/a74c3c1b-3545-4a63-87dc-4afa4d22c594	2026-05-01	Lever — Data Analyst Chicago	Lead Analyst, Customer Insight	Eventbrite	skipped_title
https://careers.united.com/us/en/job/WHQ00025430/Associate-Analyst-Resource-Planning-Industrial-Engineering-Campus-2026-Hires-New-Grads	2026-05-01	United Airlines — websearch	Associate Analyst - Resource Planning (Campus Hire)	United Airlines	skipped_title
https://careers.kraftheinz.com/job/22956685/sr-analyst-log-os-chicago-il/	2026-05-01	Kraft Heinz — websearch	Sr Analyst, LOG.OS	Kraft Heinz	skipped_title
https://job-boards.greenhouse.io/furtherearlycareer/jobs/8384017002	2026-05-01	Greenhouse — Data Analyst 2026	Graduate Leadership Program | Data Analyst	Further	skipped_title
https://job-boards.greenhouse.io/fairlife/jobs/5117349007	2026-05-04	Greenhouse — Data Analyst Chicago	Master Data Analyst	fairlife	added
https://job-boards.greenhouse.io/wilsonelser/jobs/5200828008	2026-05-04	Greenhouse — Data Analyst Chicago	Data Analyst	Wilson Elser	added
https://job-boards.greenhouse.io/dvtrading/jobs/4602186005	2026-05-04	Greenhouse — Data Analyst Chicago	Risk Data Analyst	DV Trading	skipped_expired
https://job-boards.greenhouse.io/betterhelpcom/jobs/5137853008	2026-05-04	Greenhouse — Data Analyst Chicago	Data Analyst, Marketing Inference	BetterHelp	skipped_title
https://job-boards.greenhouse.io/atwellgroup/jobs/5101016007	2026-05-04	Greenhouse — Data Analyst Chicago	Data Analyst	Atwell LLC	added
https://job-boards.greenhouse.io/onboardmeetings/jobs/5799430004	2026-05-04	Greenhouse — Data Analyst Chicago	Data Analyst, Revenue Operations	OnBoard	skipped_expired
https://job-boards.greenhouse.io/axios/jobs/7799102	2026-05-04	Greenhouse — Analytics Engineer	Analytics Engineer	Axios	added
https://job-boards.greenhouse.io/warp/jobs/5828901004	2026-05-04	Greenhouse — Analytics Engineer	Analytics Engineer	Warp	added
https://job-boards.greenhouse.io/affirm/jobs/6660262003	2026-05-04	Greenhouse — Analytics Engineer	Analytics Engineer, People Data	Affirm	skipped_expired
https://job-boards.greenhouse.io/veeamsoftware/jobs/4849334101	2026-05-04	Greenhouse — Business Intelligence	Business Intelligence Analyst	Veeam Software	added
https://job-boards.greenhouse.io/mitratech/jobs/7812294	2026-05-04	Greenhouse — Business Intelligence	Business Intelligence Analyst	Mitratech	skipped_title
https://job-boards.greenhouse.io/srsacquiom/jobs/5111680007	2026-05-04	Greenhouse — Business Intelligence	Business Intelligence Analyst	SRS Acquiom	added
https://job-boards.greenhouse.io/accessibe/jobs/4832761101	2026-05-04	Greenhouse — Business Intelligence	GTM Business Intelligence Analyst	accessiBe	added
https://job-boards.greenhouse.io/justworks/jobs/6824164	2026-05-04	Greenhouse — Business Intelligence	Senior Business Intelligence Analyst	Justworks	skipped_expired
https://job-boards.greenhouse.io/enova/jobs/7365471	2026-05-04	Enova — websearch	Senior Analyst, Strategy & Revenue Operations	Enova International	skipped_expired
https://job-boards.greenhouse.io/recidiviz/jobs/4657637006	2026-05-04	Greenhouse — Data Analyst Chicago	Data Analyst	Recidiviz	added
https://job-boards.greenhouse.io/samsara/jobs/7555223	2026-05-04	Greenhouse — Operations Analyst	Senior Sales Operations Analyst	Samsara	added
https://job-boards.greenhouse.io/public/jobs/6648298003	2026-05-04	Greenhouse — Data Analyst Chicago	Senior Data Analyst / Analytics Engineer	Public	skipped_expired
https://jobs.lever.co/mhnchicago/130d5dee-10ad-470f-906d-d09beafc2ba1	2026-05-04	Lever — Data Analyst Chicago	Senior Healthcare Data Analyst	Medical Home Network	added
https://jobs.lever.co/matchgroup/e0c5889f-76b7-43ad-ba6e-fb9a6c61330c	2026-05-04	Lever — Data Analyst Chicago	Senior Data Analyst	Match Group	added
https://jobs.lever.co/analyticpartners/f895c2ba-e50a-4424-92e7-133759a75993	2026-05-04	Lever — Analytics Engineer	Data Science Analyst	Analytic Partners	skipped_title
https://jobs.lever.co/analyticpartners/4bc7da84-1173-4133-819d-b7adde8babe4	2026-05-04	Lever — Analytics Engineer	Marketing Science Analyst, Data Analyst	Analytic Partners	skipped_title
https://jobs.ashbyhq.com/trovy/396b576a-c7c1-49ec-b018-27d0364ea55f	2026-05-04	Ashby — Data & Analytics	Data Analyst	Trovy	added
https://jobs.ashbyhq.com/openai/fc5bbc77-a30c-4e7a-9acc-8a2e748545b4	2026-05-04	Ashby — Data & Analytics	Data Engineer, Analytics	OpenAI	skipped_title
https://jobs.ashbyhq.com/troveo/e4aeccd0-6c79-4bd6-be21-2ffde994c415	2026-05-04	Ashby — Data & Analytics	Data Analyst	Troveo AI	skipped_expired
https://careers.kraftheinz.com/careers/PipelineDetail/Data-Analyst-Global-Commodity-Risk-Management/38635	2026-05-04	Kraft Heinz — websearch	Data Analyst, Global Commodity Risk Management	Kraft Heinz	skipped_expired
https://apply.workable.com/healthix/j/564F0DB9EC/	2026-05-04	Workable — Analytics Roles	Data Analyst	Healthix	added
https://apply.workable.com/futureplc/j/6B10012358/	2026-05-04	Workable — Analytics Roles	Business Intelligence Analyst	Future Publishing	skipped_title
https://apply.workable.com/cosmo/j/2A441FEF17/	2026-05-04	Workable — Analytics Roles	Data Analyst	COSMO	skipped_title
https://apply.workable.com/adf-medical-services-inc/j/FDF5BFECAC/	2026-05-04	Workable — Analytics Roles	Data Analyst Full Time	ADF Medical Services	skipped_dup
https://jobs.lever.co/matchgroup/273aed13-776f-48dc-a90f-ec1f8a4fe613	2026-05-04	Lever — Data Analyst Chicago	Senior Data Analyst, Core	Match Group	added
https://boards.greenhouse.io/gusto/jobs/5189839	2026-05-07	Greenhouse — Data Analyst Chicago	Senior Data Analyst	Gusto	added
https://job-boards.greenhouse.io/shearerssnacks/jobs/8217311002	2026-05-07	Greenhouse — Supply Chain Analyst	Supply Chain Data Analyst	Shearer's Foods	added
https://job-boards.greenhouse.io/sonyinteractiveentertainmentglobal/jobs/5820760004	2026-05-07	Greenhouse — Supply Chain Analyst	Business Analyst, Supply Chain (Contract)	PlayStation Global	added
https://jobs.lever.co/omnidian/6fc34a7e-c5d1-432b-b9cb-236a15756cf3	2026-05-07	Lever — Supply Chain Analyst	Supply Chain Analyst	Omnidian	added
https://job-boards.greenhouse.io/natera/jobs/5839566004	2026-05-07	Greenhouse — Operations Analyst	Logistics Analyst	Natera	added
https://job-boards.greenhouse.io/veeamsoftware/jobs/4841276101	2026-05-07	Greenhouse — Business Intelligence	Sr. Data Analyst	Veeam Software	added
https://job-boards.greenhouse.io/dv01/jobs/8014788002	2026-05-07	Greenhouse — Business Intelligence	Data Analyst, Capital Markets Solutions	dv01	added
https://job-boards.greenhouse.io/platformscience/jobs/6210564003	2026-05-07	Greenhouse — Data Analyst Chicago	Data Analyst	Platform Science	added
https://careers.morningstar.com/us/en/job/REQ-045592/Analyst-Quantitative-Analytics	2026-05-07	Morningstar — websearch	Analyst, Quantitative Analytics	Morningstar	added
https://job-boards.greenhouse.io/doublegood/jobs/5832697004	2026-05-07	Greenhouse — Data Analyst Chicago	Data Analyst Intern (Summer 2026)	Double Good	skipped_title
https://job-boards.greenhouse.io/toast/jobs/7746009	2026-05-07	Greenhouse — Analytics Engineer	Principal Product Analytics Engineer	Toast	skipped_title
https://job-boards.greenhouse.io/quince/jobs/5180510008	2026-05-07	Greenhouse — Supply Chain Analyst	Data Analyst, Supply Chain	Quince	skipped_title
https://apply.workable.com/adf-medical-services-inc/j/D5A34DC43E	2026-05-07	Workable — Analytics Roles	Data Analyst-Part time	ADF Medical Services	skipped_title
https://apply.workable.com/jobgether/j/A0476A48CD	2026-05-07	Workable — Analytics Roles	Data Analyst (Remote - US)	Jobgether	skipped_dup
https://jobs.lever.co/loadsmart/fa924fde-544c-47e4-a8a6-1545526bc9a1	2026-05-07	Lever — Analytics Engineer	Senior Analytics Engineer (Remote - Brazil)	Loadsmart	skipped_title
